,,,,,,,,,,,,,,,,,,,,,,,,,,,,,,,,,,,,,,,,,,,,
,"Nombre d'IVG selon le département ou la région de résidence de la femme, le lieu de réalisation de l'IVG et la méthode",,,,,,,,,,,,,,,,,,,,,,,,,,,,,,,,,,,,,,,,,,,
,,non compris les ré-interventions dans un délai de 9 semaines,,,,,,,,,,,,,,,,,,,,,,,,,,,,,,,,,,,,,,,,,,
,,,2022,,,,,,,2021,,,,,,,2020,,,,,,,,,,,,,,,,,,,,,,,,,,,
,,,IVG en établissements hospitaliers,,,IVG hors établissements hospitaliers,,TOTAL IVG,taux de recours(p 1000 femmes de 15 à 49 ans)**,IVG en établissements hospitaliers,,,IVG hors établissements hospitaliers,,TOTAL IVG,taux de recours(p 1000 femmes de 15 à 49 ans)**,,IVG en établissements hospitaliers,,IVG hors établissements hospitaliers,,TOTAL IVG,taux de recours(p 1000 femmes de 15 à 49 ans)**,,,,,,,,,,,,,,,,,,,,,
,,Zone géographique,méthode instrumentale,méthode médicamenteuse,méthode non précisée,cabinet libéral 1,centres 2,,,méthode instrumentale,méthode médicamenteuse,méthode non précisée,cabinet libéral*,centres**,,,méthode instrumentale,méthode médicamenteuse,méthode non précisée,cabinet libéral*,centres**,,,,,,,,,,,,,,,,,,,,,,,
,,Ain,371,786,12,616,43,1 828,"13,1",329,776,11,457,26,1 599,"11,4",323,792,12,436,16,1 579,"11,3",,,,,,,,,,,,,,,,,,,,,
,,Aisne,287,1 058,4,200,4,1 553,"14,9",261,1 096,1,156,4,1 518,"14,4",260,1 059,3,133,5,1 460,"13,7",,,,,,,,,,,,,,,,,,,,,
,,Allier,164,340,5,379,2,890,"15,2",162,399,8,304,6,879,"14,8",175,400,3,255,7,840,"14,0",,,,,,,,,,,,,,,,,,,,,
,,Alpes-de-Haute-Provence,107,260,1,168,69,605,"20,6",98,227,2,188,53,568,"19,2",118,258,9,145,34,564,"19,0",,,,,,,,,,,,,,,,,,,,,
,,Hautes-Alpes,78,95,6,279,41,499,"19,9",69,110,6,266,51,502,"19,7",85,105,4,265,35,494,"19,1",,,,,,,,,,,,,,,,,,,,,
,,Alpes-Maritimes,774,1 155,92,3 131,103,5 255,"23,7",723,1 240,79,2 682,58,4 782,"21,5",894,1 340,113,2 233,127,4 707,"21,2",,,,,,,,,,,,,,,,,,,,,
,,Ardèche,146,504,1,206,44,901,"15,1",133,503,2,220,29,887,"14,8",197,475,2,239,35,948,"15,7",,,,,,,,,,,,,,,,,,,,,
,,Ardennes,86,240,37,337,4,704,"13,7",76,264,1,317,2,660,"12,7",86,261,0,253,1,601,"11,4",,,,,,,,,,,,,,,,,,,,,
,,Ariège,82,317,4,135,1,539,"19,5",72,332,3,114,1,522,"18,9",93,334,6,85,2,520,"18,8",,,,,,,,,,,,,,,,,,,,,
,,Aube,271,541,3,173,2,990,"15,7",254,530,1,119,6,910,"14,4",258,580,5,101,3,947,"15,0",,,,,,,,,,,,,,,,,,,,,
,,Aude,219,710,11,444,7,1 391,"20,1",227,726,10,327,4,1 294,"18,6",226,768,8,248,4,1 254,"18,0",,,,,,,,,,,,,,,,,,,,,
,,Aveyron,100,427,2,138,4,671,"14,0",74,429,3,91,2,599,"12,5",94,470,4,62,0,630,"13,1",,,,,,,,,,,,,,,,,,,,,
,,Bouches-du-Rhône,1 696,3 954,31,3 966,348,9 995,"22,4",1 733,3 966,32,3 578,167,9 476,"21,2",1 986,4 017,50,3 310,134,9 497,"21,3",,,,,,,,,,,,,,,,,,,,,
,,Calvados,425,914,13,412,37,1 801,"12,4",376,814,11,334,44,1 579,"10,9",389,828,23,376,34,1 650,"11,3",,,,,,,,,,,,,,,,,,,,,
,,Cantal,57,232,0,28,3,320,"13,0",51,221,2,18,0,292,"11,8",61,235,1,22,0,319,"12,9",,,,,,,,,,,,,,,,,,,,,
,,Charente,229,378,15,492,1,1 115,"17,3",177,349,8,359,3,896,"13,8",206,454,8,336,1,1 005,"15,4",,,,,,,,,,,,,,,,,,,,,
,,Charente-Maritime,383,1 003,5,392,5,1 788,"15,0",338,1 033,14,339,4,1 728,"14,5",331,849,21,246,4,1 451,"12,1",,,,,,,,,,,,,,,,,,,,,
,,Cher,147,544,5,96,20,812,"15,2",165,518,0,85,15,783,"14,4",157,470,16,66,2,711,"12,9",,,,,,,,,,,,,,,,,,,,,
,,Corrèze,141,418,3,72,2,636,"15,3",147,436,1,47,1,632,"15,1",175,403,3,27,1,609,"14,4",,,,,,,,,,,,,,,,,,,,,
,,Corse-du-Sud,79,294,8,231,1,613,"19,3",64,273,9,171,12,529,"16,3",88,259,10,223,0,580,"17,8",,,,,,,,,,,,,,,,,,,,,
,,Haute-Corse,62,381,22,83,42,590,"15,1",42,435,42,33,31,583,"15,3",40,490,34,29,0,593,"15,6",,,,,,,,,,,,,,,,,,,,,
,,Côte-d'Or,256,124,374,590,41,1 385,"12,0",298,128,401,482,64,1 373,"11,8",270,295,205,466,26,1 262,"10,8",,,,,,,,,,,,,,,,,,,,,
,,Côtes-d'Armor,302,1 019,5,286,9,1 621,"14,9",271,975,5,200,9,1 460,"13,4",273,1 021,8,165,4,1 471,"13,5",,,,,,,,,,,,,,,,,,,,,
,,Creuse,96,128,0,16,1,241,"13,3",92,114,1,15,1,223,"12,1",78,130,0,11,0,219,"11,8",,,,,,,,,,,,,,,,,,,,,
,,Dordogne,253,726,6,196,1,1 182,"17,1",234,747,5,99,5,1 090,"15,6",269,853,9,61,5,1 197,"17,0",,,,,,,,,,,,,,,,,,,,,
,,Doubs,246,518,11,832,6,1 613,"13,8",201,545,5,766,5,1 522,"13,0",250,577,6,630,1,1 464,"12,5",,,,,,,,,,,,,,,,,,,,,
,,Drôme,284,685,9,404,257,1 639,"15,8",268,642,5,310,265,1 490,"14,4",332,637,4,366,186,1 525,"14,7",,,,,,,,,,,,,,,,,,,,,
,,Eure,178,1 161,14,446,15,1 814,"14,9",190,1 126,12,283,18,1 629,"13,3",237,1 196,27,261,14,1 735,"14,1",,,,,,,,,,,,,,,,,,,,,
,,Eure-et-Loir,187,708,14,441,25,1 375,"16,0",172,502,6,407,16,1 103,"12,8",179,548,8,452,12,1 199,"13,8",,,,,,,,,,,,,,,,,,,,,
,,Finistère,567,1 179,2,504,8,2 260,"12,7",540,1 045,11,441,7,2 044,"11,5",609,1 061,14,350,7,2 041,"11,5",,,,,,,,,,,,,,,,,,,,,
,,Gard,399,966,42,1 334,22,2 763,"18,9",361,1 006,14,1 128,10,2 519,"17,2",465,998,32,1 042,15,2 552,"17,3",,,,,,,,,,,,,,,,,,,,,
,,Haute-Garonne,1 178,959,35,3 124,97,5 393,"15,6",1 183,1 022,30,2 755,134,5 124,"14,9",1 233,1 147,28,2 669,184,5 261,"15,5",,,,,,,,,,,,,,,,,,,,,
,,Gers,100,108,6,174,54,442,"13,4",95,154,5,112,52,418,"12,6",82,185,1,109,9,386,"11,6",,,,,,,,,,,,,,,,,,,,,
,,Gironde,1 473,1 207,46,2 859,320,5 905,"15,5",1 400,1 106,56,2 523,336,5 421,"14,4",1 441,1 250,37,2 339,353,5 420,"14,5",,,,,,,,,,,,,,,,,,,,,
,,Hérault,1 074,1 706,23,2 005,103,4 911,"18,5",1 001,1 832,18,1 697,86,4 634,"17,7",1 088,1 966,26,1 454,61,4 595,"17,6",,,,,,,,,,,,,,,,,,,,,
,,Ille-et-Vilaine,922,1 084,22,761,156,2 945,"11,8",871,1 185,14,443,125,2 638,"10,7",1 001,1 116,15,454,143,2 729,"11,1",,,,,,,,,,,,,,,,,,,,,
,,Indre,86,398,4,68,0,556,"15,0",63,358,3,65,2,491,"13,1",88,338,4,47,1,478,"12,6",,,,,,,,,,,,,,,,,,,,,
,,Indre-et-Loire,798,530,1,266,3,1 598,"12,3",749,456,7,201,8,1 421,"10,9",814,464,6,145,5,1 434,"11,0",,,,,,,,,,,,,,,,,,,,,
,,Isère,1 166,1 178,12,786,539,3 681,"13,3",1 106,1 235,25,575,439,3 380,"12,2",1 258,1 318,16,609,385,3 586,"13,0",,,,,,,,,,,,,,,,,,,,,
,,Jura,92,356,3,160,0,611,"12,7",106,364,2,118,3,593,"12,2",104,354,5,140,0,603,"12,2",,,,,,,,,,,,,,,,,,,,,
,,Landes,295,385,5,535,10,1 230,"15,8",329,289,5,412,7,1 042,"13,3",355,350,8,338,6,1 057,"13,5",,,,,,,,,,,,,,,,,,,,,
,,Loir-et-Cher,267,439,3,72,5,786,"13,1",279,369,2,43,2,695,"11,5",228,410,4,32,2,676,"11,1",,,,,,,,,,,,,,,,,,,,,
,,Loire,439,863,8,694,187,2 191,"14,2",427,881,3,578,167,2 056,"13,3",453,814,7,522,137,1 933,"12,5",,,,,,,,,,,,,,,,,,,,,
,,Haute-Loire,102,292,3,112,14,523,"12,6",81,289,3,97,4,474,"11,4",75,274,5,111,2,467,"11,1",,,,,,,,,,,,,,,,,,,,,
,,Loire-Atlantique,1 674,1 584,21,751,18,4 048,"12,4",1 684,1 578,11,521,12,3 806,"11,7",1 762,1 581,50,425,7,3 825,"11,9",,,,,,,,,,,,,,,,,,,,,
,,Loiret,415,1 119,11,564,180,2 289,"16,1",418,984,5,508,126,2 041,"14,3",504,1 046,8,375,98,2 031,"14,2",,,,,,,,,,,,,,,,,,,,,
,,Lot,87,306,3,78,3,477,"16,8",96,298,2,71,1,468,"16,4",100,284,2,64,2,452,"15,7",,,,,,,,,,,,,,,,,,,,,
,,Lot-et-Garonne,163,358,8,562,2,1 093,"18,2",149,415,4,382,4,954,"15,8",198,417,5,385,1,1 006,"16,6",,,,,,,,,,,,,,,,,,,,,
,,Lozère,29,102,1,46,0,178,"13,1",30,110,3,40,0,183,"13,3",24,153,0,32,1,210,"15,2",,,,,,,,,,,,,,,,,,,,,
,,Maine-et-Loire,734,987,9,140,10,1 880,"10,7",735,908,20,101,6,1 770,"10,1",667,1 023,3,62,3,1 758,"10,0",,,,,,,,,,,,,,,,,,,,,
,,Manche,164,587,4,240,3,998,"11,2",169,518,0,192,7,886,"9,8",184,577,4,184,6,955,"10,5",,,,,,,,,,,,,,,,,,,,,
,,Marne,326,683,8,727,4,1 748,"14,4",352,678,2,521,5,1 558,"12,7",415,726,4,411,6,1 562,"12,7",,,,,,,,,,,,,,,,,,,,,
,,Haute-Marne,56,292,14,47,2,411,"13,6",60,309,16,34,3,422,"13,8",40,309,15,31,1,396,"12,7",,,,,,,,,,,,,,,,,,,,,
,,Mayenne,168,357,4,48,4,581,"9,9",141,340,3,35,2,521,"8,9",149,338,2,17,1,507,"8,6",,,,,,,,,,,,,,,,,,,,,
,,Meurthe-et-Moselle,401,1 547,24,139,36,2 147,"13,3",368,1 372,7,136,53,1 936,"12,0",444,1 349,8,124,48,1 973,"12,2",,,,,,,,,,,,,,,,,,,,,
,,Meuse,58,253,4,71,0,386,"11,7",43,247,2,57,0,349,"10,4",47,248,3,26,1,325,"9,5",,,,,,,,,,,,,,,,,,,,,
,,Morbihan,638,905,14,366,12,1 935,"13,6",625,847,10,287,10,1 779,"12,5",617,832,17,233,5,1 704,"12,0",,,,,,,,,,,,,,,,,,,,,
,,Moselle,717,1 484,16,467,49,2 733,"12,6",688,1 486,35,365,27,2 601,"12,0",741,1 525,60,306,8,2 640,"12,1",,,,,,,,,,,,,,,,,,,,,
,,Nièvre,80,156,3,95,57,391,"11,8",70,179,2,94,65,410,"12,2",81,201,0,72,9,363,"10,7",,,,,,,,,,,,,,,,,,,,,
,,Nord,1 866,4 163,48,2 439,89,8 605,"14,5",1 881,4 077,47,1 902,30,7 937,"13,4",2 081,4 114,49,1 694,33,7 971,"13,4",,,,,,,,,,,,,,,,,,,,,
,,Oise,359,1 181,7,1 091,23,2 661,"14,8",348,1 194,10,824,14,2 390,"13,3",345,1 458,14,593,14,2 424,"13,5",,,,,,,,,,,,,,,,,,,,,
,,Orne,98,449,3,26,2,578,"11,9",86,394,3,19,1,503,"10,2",92,428,7,24,0,551,"11,0",,,,,,,,,,,,,,,,,,,,,
,,Pas-de-Calais,888,1 968,15,705,591,4 167,"13,7",794,1 950,14,505,602,3 865,"12,6",969,2 012,16,389,440,3 826,"12,4",,,,,,,,,,,,,,,,,,,,,
,,Puy-de-Dôme,467,700,11,724,35,1 937,"13,8",433,677,7,628,10,1 755,"12,5",519,644,17,471,15,1 666,"11,9",,,,,,,,,,,,,,,,,,,,,
,,Pyrénées-Atlantiques,512,497,5,683,277,1 974,"14,6",453,403,3,626,269,1 754,"12,9",477,456,6,581,220,1 740,"12,8",,,,,,,,,,,,,,,,,,,,,
,,Hautes-Pyrénées,107,255,9,110,117,598,"14,4",104,232,24,71,113,544,"13,1",120,315,12,73,41,561,"13,4",,,,,,,,,,,,,,,,,,,,,
,,Pyrénées-Orientales,406,1 111,0,482,10,2 009,"21,7",339,1 126,1,365,7,1 838,"19,9",344,1 085,4,313,5,1 751,"19,0",,,,,,,,,,,,,,,,,,,,,
,,Bas-Rhin,367,2 249,15,251,4,2 886,"11,2",362,2 094,4,213,3,2 676,"10,4",373,2 141,4,198,2,2 718,"10,6",,,,,,,,,,,,,,,,,,,,,
,,Haut-Rhin,233,1 520,9,134,2,1 898,"12,1",243,1 409,9,114,3,1 778,"11,3",273,1 442,8,86,0,1 809,"11,4",,,,,,,,,,,,,,,,,,,,,
,,Rhône,1 974,1 827,41,2 651,318,6 811,"14,8",1 919,1 873,32,1 988,396,6 208,"13,6",2 017,2 095,35,1 883,368,6 398,"14,1",,,,,,,,,,,,,,,,,,,,,
,,Haute-Saône,90,176,5,339,4,614,"14,1",74,195,4,302,2,577,"13,1",75,184,6,290,0,555,"12,5",,,,,,,,,,,,,,,,,,,,,
,,Saône-et-Loire,306,683,15,175,12,1 191,"12,2",302,674,16,148,6,1 146,"11,6",348,704,2,108,2,1 164,"11,7",,,,,,,,,,,,,,,,,,,,,
,,Sarthe,531,792,8,45,5,1 381,"12,3",457,787,12,38,3,1 297,"11,5",466,812,13,27,3,1 321,"11,7",,,,,,,,,,,,,,,,,,,,,
,,Savoie,292,336,15,624,23,1 290,"14,3",254,396,1,581,15,1 247,"13,8",270,428,15,496,9,1 218,"13,5",,,,,,,,,,,,,,,,,,,,,
,,Haute-Savoie,590,1 266,48,1 024,11,2 939,"15,6",529,1 244,38,795,7,2 613,"14,0",538,1 248,44,819,7,2 656,"14,3",,,,,,,,,,,,,,,,,,,,,
,,Paris,2 131,1 890,58,3 962,1 108,9 149,"16,1",1 923,2 028,95,3 661,1 020,8 727,"15,2",2 221,2 224,74,3 408,948,8 875,"15,4",,,,,,,,,,,,,,,,,,,,,
,,Seine-Maritime,664,1 485,23,1 396,151,3 719,"14,0",653,1 513,28,1 099,105,3 398,"12,7",769,1 511,38,1 032,76,3 426,"12,8",,,,,,,,,,,,,,,,,,,,,
,,Seine-et-Marne,916,1 921,30,3 539,190,6 596,"19,8",883,1 962,14,3 232,143,6 234,"18,8",1 024,2 004,13,2 997,104,6 142,"18,5",,,,,,,,,,,,,,,,,,,,,
,,Yvelines,761,1 527,35,1 828,403,4 554,"14,0",738,1 859,36,1 492,346,4 471,"13,8",792,1 962,32,1 350,196,4 332,"13,4",,,,,,,,,,,,,,,,,,,,,
,,Deux-Sèvres,231,487,5,132,1,856,"12,2",213,445,3,101,1,763,"10,8",169,507,1,92,4,773,"10,9",,,,,,,,,,,,,,,,,,,,,
,,Somme,434,1 114,11,166,9,1 734,"14,3",382,937,2,147,4,1 472,"12,0",406,921,10,143,2,1 482,"12,0",,,,,,,,,,,,,,,,,,,,,
,,Tarn,241,686,8,237,7,1 179,"16,2",218,675,14,201,2,1 110,"15,2",266,636,5,141,4,1 052,"14,3",,,,,,,,,,,,,,,,,,,,,
,,Tarn-et-Garonne,149,355,5,390,1,900,"17,4",145,376,5,295,4,825,"16,0",161,405,2,208,4,780,"15,1",,,,,,,,,,,,,,,,,,,,,
,,Var,734,1 728,36,2 241,77,4 816,"23,5",668,1 631,20,2 018,153,4 490,"21,9",798,1 834,32,1 555,77,4 296,"21,0",,,,,,,,,,,,,,,,,,,,,
,,Vaucluse,275,1 343,28,659,7,2 312,"20,8",258,1 277,20,571,8,2 134,"19,1",338,1 232,37,588,7,2 202,"19,6",,,,,,,,,,,,,,,,,,,,,
,,Vendée,359,829,7,210,7,1 412,"10,9",380,741,9,178,3,1 311,"10,1",370,761,5,151,3,1 290,"10,0",,,,,,,,,,,,,,,,,,,,,
,,Vienne,167,672,8,308,3,1 158,"12,4",155,534,5,309,4,1 007,"10,8",172,499,8,328,1,1 008,"10,8",,,,,,,,,,,,,,,,,,,,,
,,Haute-Vienne,359,700,1,35,2,1 097,"14,8",302,709,3,38,5,1 057,"14,2",270,668,2,17,2,959,"12,8",,,,,,,,,,,,,,,,,,,,,
,,Vosges,94,601,8,232,22,957,"14,6",114,573,6,108,21,822,"12,4",130,589,5,95,16,835,"12,4",,,,,,,,,,,,,,,,,,,,,
,,Yonne,205,547,16,199,7,974,"16,1",313,325,13,224,5,880,"14,4",349,250,11,263,4,877,"14,1",,,,,,,,,,,,,,,,,,,,,
,,Territoire de Belfort,70,276,1,59,15,421,"15,3",65,275,0,52,14,406,"14,5",70,265,2,59,0,396,"14,0",,,,,,,,,,,,,,,,,,,,,
,,Essonne,1 351,2 071,45,1 738,645,5 850,"19,6",1 278,1 937,31,1 584,633,5 463,"18,3",1 444,1 826,35,1 565,563,5 433,"18,2",,,,,,,,,,,,,,,,,,,,,
,,Hauts-de-Seine,1 676,1 518,60,2 341,431,6 026,"14,9",1 567,1 675,52,1 906,327,5 527,"13,7",1 631,2 086,51,1 757,247,5 772,"14,4",,,,,,,,,,,,,,,,,,,,,
,,Seine-Saint-Denis,2 432,3 269,71,2 724,699,9 195,"22,4",2 225,3 384,50,2 417,1 015,9 091,"22,3",2 315,3 614,51,2 078,532,8 590,"21,2",,,,,,,,,,,,,,,,,,,,,
,,Val-de-Marne,1 583,1 624,47,2 810,571,6 635,"19,4",1 615,1 534,39,2 672,402,6 262,"18,4",1 798,1 569,42,2 282,409,6 100,"17,9",,,,,,,,,,,,,,,,,,,,,
,,Val-d'Oise,1 115,2 586,35,1 979,189,5 904,"19,9",1 116,2 655,21,1 600,172,5 564,"18,8",1 223,2 778,22,1 453,139,5 615,"19,1",,,,,,,,,,,,,,,,,,,,,
,,Total métropole,47 407,88 392,1 864,71 672,9 104,218 439,"15,7",45 305,87 086,1 697,60 323,8 473,202 884,"14,6",49 420,90 465,1 721,54 217,6 697,202 520,"14,5",,,,,,,,,,,,,,,,,,,,,
,,Guadeloupe,351,892,10,1 892,62,3 207,"40,6",324,882,28,2 113,55,3 402,"42,0",378,989,22,1 728,59,3 176,"38,4",,,,,,,,,,,,,,,,,,,,,
,,Martinique,466,802,0,912,9,2 189,"31,3",500,780,1,809,7,2 097,"29,1",492,823,2,644,2,1 963,"26,5",,,,,,,,,,,,,,,,,,,,,
,,Guyane,354,599,8,2 575,181,3 717,"48,7",325,752,13,1 912,147,3 149,"42,0",397,822,8,1 743,133,3 103,"42,2",,,,,,,,,,,,,,,,,,,,,
,,La Réunion,556,1 436,40,2 757,8,4 797,"23,6",534,1 466,52,2 397,9,4 458,"21,8",512,1 775,25,2 035,3,4 350,"21,2",,,,,,,,,,,,,,,,,,,,,
,,Mayotte,246,996,2,358,6,1 608,"21,0",198,950,2,351,3,1 504,"20,3",267,927,0,317,1,1 512,"21,1",,,,,,,,,,,,,,,,,,,,,
,,total DROM,1 973,4 725,60,8 494,266,15 518,"30,7",1 881,4 830,96,7 582,221,14 610,"28,9",2 046,5 336,57,6 467,198,14 104,"27,8",,,,,,,,,,,,,,,,,,,,,
,,France entière résidentes,49 380,93 117,1 924,80 166,9 370,233 957,"16,2",47 186,91 916,1 793,67 905,8 694,217 494,"15,1",51 466,95 801,1 778,60 684,6 895,216 624,"15,0",,,,,,,,,,,,,,,,,,,,,
,,Résidence inconnue****,69,133,5,87,2,296,,40,94,5,,,139,,37,127,3,3,0,170,,,,,,,,,,,,,,,,,,,,,,
,,résidence à l'étranger,,,,,,,,,,,,,,,,,,,,0,,,,,,,,,,,,,,,,,,,,,,
,,Total IVG réalisées en France,49 449,93 250,1 929,80 253,9 372,234 253,,47 226,92 010,1 798,67 905,8 694,217 633,,51 503,95 928,1 781,60 687,6 895,216 794,,,,,,,,,,,,,,,,,,,,,,
,,Auvergne -  Rhône-Alpes(***),6 052,9 009,165,8 247,1 476,24 949,"14,4",5 692,9 136,137,6 550,1 364,22 879,"13,2",6 218,9 360,161,6 230,1 167,23 136,"13,4",,,,,,,,,,,,,,,,,,,,,
,,Bourgogne -  Franche-Comté,1 345,2 836,428,2 449,142,7 200,"13,2",1 429,2 685,443,2 186,164,6 907,"12,6",1 547,2 830,237,2 027,42,6 683,"12,1",,,,,,,,,,,,,,,,,,,,,
,,Bretagne,2 429,4 187,43,1 917,185,8 761,"12,9",2 307,4 052,40,1 371,151,7 921,"11,7",2 500,4 030,54,1 202,159,7 945,"11,8",,,,,,,,,,,,,,,,,,,,,
,,Centre -  Val de Loire,1 900,3 738,38,1 505,233,7 414,"14,6",1 846,3 187,23,1 309,169,6 534,"12,8",1 970,3 276,46,1 118,120,6 530,"12,7",,,,,,,,,,,,,,,,,,,,,
,,Corse,141,675,30,314,43,1 203,"17,0",106,708,51,204,43,1 112,"15,8",128,749,44,252,0,1 173,"16,7",,,,,,,,,,,,,,,,,,,,,
,,Grand Est,2 609,9 410,138,2 579,125,14 861,"12,8",2 560,8 962,83,1 985,123,13 713,"11,8",2 807,9 170,112,1 632,86,13 807,"11,8",,,,,,,,,,,,,,,,,,,,,
,,Hauts-de-France,3 834,9 484,85,4 601,716,18 720,"14,4",3 666,9 254,74,3 535,654,17 183,"13,2",4 061,9 564,92,2 953,494,17 164,"13,1",,,,,,,,,,,,,,,,,,,,,
,,Ile-de-France,11 965,16 406,381,20 920,4 236,53 908,"18,1",11 345,17 034,338,18 563,4 058,51 338,"17,3",12 448,18 063,320,16 888,3 138,50 857,"17,1",,,,,,,,,,,,,,,,,,,,,
,,Normandie,1 529,4 596,57,2 520,208,8 910,"13,3",1 474,4 365,54,1 927,175,7 995,"11,9",1 671,4 540,99,1 877,130,8 317,"12,3",,,,,,,,,,,,,,,,,,,,,
,,Nouvelle-Aquitaine,4 302,6 959,107,6 286,625,18 279,"15,2",3 989,6 580,108,5 249,640,16 566,"13,8",4 141,6 836,108,4 760,598,16 443,"13,7",,,,,,,,,,,,,,,,,,,,,
,,Occitanie,4 171,8 008,149,8 697,426,21 451,"17,4",3 945,8 318,132,7 266,416,20 077,"16,3",4 296,8 746,130,6 502,332,20 006,"16,3",,,,,,,,,,,,,,,,,,,,,
,,Pays de la Loire,3 466,4 549,49,1 194,44,9 302,"11,6",3 397,4 354,55,873,26,8 705,"10,9",3 414,4 515,73,682,17,8 701,"10,9",,,,,,,,,,,,,,,,,,,,,
,,Provence - Alpes - Côte d'Azur(***),3 664,8 535,194,10 445,645,23 483,"22,6",3 549,8 451,159,9 305,490,21 954,"21,1",4 219,8 786,245,8 096,414,21 760,"20,9",,,,,,,,,,,,,,,,,,,,,
,,,,,,,,,,,,,,,,,,,,,,,,,,,,,,,,,,,,,,,,,,,,
,,1 y compris les IVG en téléconsultations,,,,,,,,,,,,,,,,,,,,,,,,,,,,,,,,,,,,,,,,,,
,,"2 IVG réalisées en centre de santé, centre de planification et d'éducation familiale (y compris les IVG chirurgicales en centres de santé)",,,,,,,,,,,,,,,,,,,,,,,,,,,,,,,,,,,,,,,,,,
,,**calculé en rapportant des IVG de 15 à 49 ans (yc âge inconnu) aux femmes domiciliées âgées de 15 à 49 ans,,,,,,,,,,,,,,,,,,,,,,,,,,,,,,,,,,,,,,,,,,
,,*****En 2020 des mesures dérogatoires ont permis la pratique exceptionnelle d'IVG en téléconsultation (codées en Préparations Magistrales et Officinales dans le SNDS),,,,,,,,,,,,,,,,,,,,,,,,,,,,,,,,,,,,,,,,,,
,,"Quand c'était possible, le lieu de résidence inconnu a été remplacé par le lieu de réalisation de l'acte",,,,,,,,,,,,,,,,,,,,,,,,,,,,,,,,,,,,,,,,,,
,,champ : IVG domiciliées,,,,,,,,,,,,,,,,,,,,,,,,,,,,,,,,,,,,,,,,,,
,,"sources : portail SNDS (PMSI), calculs DREES à partir du GHM d'IVG (14Z08Z) pour les IVG en établissements de santé(jusqu'en février 2019), GHM d'IVG ou les codes d’extension du diagnostic principal en O04 (O0400, O0410,O0420, O0430, O0440, O0450, O0460, O0470, O0480 et O0490)à partir de mars 2019, et uniqment les codes d'extension du DP en O04.- à partir de 2020.",,,,,,,,,,,,,,,,,,,,,,,,,,,,,,,,,,,,,,,,,,
,,"SNIIRAM (CNAMTS), calculs DREES à partir des forfaits médicamenteux de ville (FMV) remboursés,et des préparations magistrales et officinales délivrées directement en pharmacie dans le cadre d'IVG en téléconsultation.",,,,,,,,,,,,,,,,,,,,,,,,,,,,,,,,,,,,,,,,,,
,,,,,,,,,,,,,,,,,,,,,,,,,,,,,,,,,,,,,,,,,,,,
,,non compris les ré-interventions dans un délai de 9 semaines,2021,,,,,,,2020,,,,,,,2019,,,,,,,2018,,,,,,,2017,,,,,,,2016,,,,,,
,,,IVG en établissements hospitaliers,,,IVG hors établissements hospitaliers,,TOTAL IVG,taux de recours(p 1000 femmes de 15 à 49 ans)**,IVG en établissements hospitaliers,,,IVG hors établissements hospitaliers (mise à jour juin 2022),,TOTAL IVG,taux de recours(p 1000 femmes de 15 à 49 ans)**,IVG en établissements hospitaliers,,,IVG hors établissements hospitaliers,,TOTAL IVG,taux de recours(p 1000 femmes de 15 à 49 ans)**,IVG en établissements hospitaliers,,,IVG hors établissements hospitaliers,,TOTAL IVG,taux de recours(p 1000 femmes de 15 à 49 ans)**,IVG en établissements hospitaliers,,,IVG hors établissements hospitaliers,,TOTAL IVG,taux de recours(p 1000 femmes de 15 à 49 ans)**,IVG en établissements hospitaliers,,,IVG hors établissements hospitaliers,,TOTAL IVG,taux de recours(p 1000 femmes de 15 à 49 ans)**
,,Zone géographique,méthode instrumentale,méthode médicamenteuse,méthode non précisée,cabinet libéral,centres*,,,méthode instrumentale,méthode médicamenteuse,méthode non précisée,cabinet libéral,centres*,,,méthode instrumentale,méthode médicamenteuse,méthode non précisée,cabinet libéral,centres*,,,méthode instrumentale,méthode médicamenteuse,méthode non précisée,cabinet libéral,centres*,,,méthode instrumentale,méthode médicamenteuse,méthode non précisée,cabinet libéral,centres*,,,méthode instrumentale,méthode médicamenteuse,méthode non précisée,cabinet libéral,centres*,,
,1,Ain,341,779,30,456,26,1632,"11,7",334,793,37,439,16,1631,"11,7",450,856,18,301,11,1636,"11,7",408,766,3,281,9,1467,"10,5",383,832,7,200,8,1430,"10,2",465,859,7,188,10,1529,"11,0"
,2,Aisne,266,1110,5,156,4,1541,"14,4",264,1068,4,134,4,1488,"14,0",314,1117,11,133,4,1579,"14,9",373,987,6,193,5,1564,"14,5",375,1018,5,214,5,1617,"14,8",372,1009,3,218,3,1605,"14,5"
,3,Allier,175,399,9,307,7,897,"14,8",180,405,7,259,5,871,"14,6",251,351,4,225,2,833,"13,9",256,380,4,218,1,859,"14,2",292,378,5,145,1,821,"13,3",357,365,6,144,2,874,"13,9"
,4,Alpes-de-Haute-Provence,105,228,5,189,54,581,"19,6",125,259,17,146,36,603,"20,5",179,308,1,145,1,634,"21,3",172,298,1,147,4,622,"21,1",183,332,2,102,2,621,"20,8",170,266,3,129,4,572,"19,1"
,5,Hautes-Alpes,72,114,10,265,50,511,"19,4",90,109,15,269,35,537,"20,6",92,121,0,245,43,501,"18,8",132,116,2,249,38,537,"20,0",103,116,0,220,29,468,"17,3",102,132,0,256,71,561,"20,4"
,6,Alpes-Maritimes,763,1245,141,2705,58,4912,"22,0",935,1343,143,2250,127,4820,"21,6",1261,1440,126,2052,118,4997,"22,8",1234,1475,134,1851,87,4781,"21,5",1416,1349,124,1764,56,4709,"21,0",1607,1137,167,1711,54,4676,"20,7"
,7,Ardèche,143,503,6,224,29,905,"14,8",207,478,4,241,35,980,"16,2",277,445,6,221,16,965,"16,0",239,482,0,168,22,911,"14,9",256,439,2,117,16,830,"13,5",297,386,1,370,19,1073,"17,3"
,8,Ardennes,82,277,3,318,2,682,"12,8",90,268,4,256,1,632,"12,0",120,291,1,197,0,609,"11,5",150,236,0,111,1,498,"9,3",161,337,1,67,2,568,"10,4",246,278,0,63,1,588,"10,5"
,9,Ariège,83,335,19,117,1,555,"19,9",96,336,24,86,3,565,"20,5",123,325,1,74,1,524,"19,1",97,290,0,51,2,440,"15,9",93,338,3,29,0,463,"16,6",129,338,0,171,15,653,"23,2"
,10,Aube,262,533,11,122,6,934,"14,8",265,583,14,103,3,983,"15,6",281,563,4,95,0,943,"14,8",230,621,22,83,2,958,"15,0",254,515,43,106,2,920,"14,4",265,490,75,95,0,925,"14,4"
,11,Aude,237,732,34,327,5,1335,"19,1",239,770,22,249,4,1303,"18,7",306,833,6,227,4,1376,"19,8",328,899,1,159,5,1392,"20,0",362,890,2,99,2,1355,"19,3",378,875,3,60,2,1318,"18,6"
,12,Aveyron,80,429,7,92,2,610,"12,5",98,471,10,63,0,654,"13,5",142,516,6,41,1,706,"14,6",118,480,3,49,0,650,"13,3",137,449,5,38,0,629,"12,7",135,395,1,75,2,608,"12,1"
,13,Bouches-du-Rhône,1890,3999,81,3605,167,9742,"21,8",2104,4040,108,3349,133,9756,"21,9",2844,4200,27,3074,146,10291,"23,3",2678,4006,14,3266,141,10105,"22,6",2875,4121,12,2650,160,9818,"21,9",3333,3785,26,2360,208,9712,"21,5"
,14,Calvados,388,820,15,333,45,1601,"10,9",401,842,32,378,34,1698,"11,6",564,841,27,307,29,1768,"12,2",539,890,21,274,33,1757,"12,0",533,823,38,238,50,1682,"11,4",550,815,51,213,40,1669,"11,3"
,15,Cantal,51,221,5,18,0,295,"11,8",61,235,2,22,0,332,"13,4",87,191,1,9,0,288,"11,8",103,200,0,9,3,315,"12,6",108,196,0,1,0,305,"12,0",115,192,0,2,1,310,"12,0"
,16,Charente,184,353,36,363,3,939,"14,2",208,467,30,340,1,1060,"16,1",298,406,5,291,1,1001,"15,3",264,434,4,256,2,960,"14,5",262,452,2,212,6,934,"14,0",334,383,1,187,2,907,"13,5"
,17,Charente-Maritime,348,1039,64,342,3,1796,"15,0",338,849,53,249,4,1508,"12,6",505,1028,5,215,7,1760,"14,9",413,1025,0,205,0,1643,"13,7",444,983,0,159,3,1589,"13,2",475,953,4,149,1,1582,"13,1"
,18,Cher,171,521,14,86,2,794,"14,2",157,470,36,66,1,744,"13,5",200,521,3,68,1,793,"14,5",176,561,1,32,4,774,"13,9",185,509,2,33,5,734,"12,9",212,489,6,39,1,747,"12,9"
,19,Corrèze,147,436,20,47,1,651,"15,2",179,404,21,27,1,647,"15,3",194,360,3,12,3,572,"13,4",171,388,0,12,2,573,"13,2",177,347,1,5,1,531,"12,2",226,328,0,14,0,568,"12,9"
,20,Corse-du-Sud,72,275,29,171,12,559,"17,3",101,259,23,225,0,625,"19,4",159,306,5,142,5,617,"18,7",133,310,11,147,1,602,"11,3",125,234,4,152,3,518,"15,8",119,232,17,140,12,520,"15,9"
,21,Haute-Corse,47,444,51,33,32,607,"16,0",43,493,41,29,0,622,"16,3",83,568,66,38,1,756,"19,9",72,368,166,36,1,643,"12,9",110,380,175,32,0,697,"18,5",117,374,189,18,2,700,"18,7"
,22,Côte-d'Or,313,129,405,485,64,1396,"11,9",288,298,215,471,27,1311,"11,2",476,150,295,489,3,1413,"12,1",482,170,243,432,2,1329,"10,6",525,237,213,334,0,1309,"11,1",558,222,177,225,1,1183,"10,0"
,23,Côtes-d'Armor,283,975,26,201,9,1494,"13,7",290,1021,14,166,4,1509,"13,9",326,1037,6,145,2,1516,"14,0",307,983,0,109,6,1405,"16,2",355,976,0,77,2,1410,"12,8",384,924,1,32,1,1342,"12,2"
,24,Creuse,93,114,5,15,1,228,"12,1",80,130,2,11,0,235,"12,7",70,108,0,5,2,185,"9,8",79,115,0,8,1,203,"12,5",87,109,0,3,0,199,"10,2",82,117,2,6,0,207,"10,5"
,25,Dordogne,240,751,18,100,5,1114,"15,6",278,855,22,64,6,1241,"17,6",340,752,3,56,5,1156,"16,5",370,734,1,45,7,1157,"13,9",406,656,0,50,6,1118,"15,4",389,687,3,57,5,1141,"15,5"
,26,Doubs,226,550,9,779,4,1568,"13,4",275,584,12,643,1,1528,"13,0",338,587,48,558,2,1533,"13,2",348,631,2,474,0,1455,"13,6",325,662,2,404,3,1396,"11,9",346,688,6,385,2,1427,"12,1"
,27,Drôme,281,646,19,314,253,1513,"14,5",345,644,17,370,193,1584,"15,2",456,527,3,389,129,1504,"14,5",456,530,0,345,106,1437,"14,9",474,507,2,331,79,1393,"13,5",519,542,2,315,27,1405,"13,5"
,28,Eure,196,1128,48,284,19,1675,"13,5",244,1201,67,268,14,1808,"14,7",319,1230,9,248,9,1815,"14,6",274,1219,3,207,6,1709,"11,3",350,1227,0,186,12,1775,"14,0",469,1102,3,181,2,1757,"13,7"
,29,Eure-et-Loir,183,503,32,416,15,1149,"13,1",187,553,40,463,13,1269,"14,7",250,600,8,539,11,1408,"16,3",192,545,8,541,12,1298,"18,3",215,581,4,491,3,1294,"14,6",235,496,15,462,5,1213,"13,5"
,30,Finistère,548,1045,31,439,6,2069,"11,6",642,1064,27,352,7,2104,"11,8",712,1117,6,248,5,2088,"11,8",624,1202,0,184,9,2019,"17,0",566,1089,5,156,3,1819,"10,1",702,1026,4,118,0,1850,"10,3"
,31,Gard,382,1018,44,1128,10,2582,"17,4",487,1007,83,1049,15,2658,"18,0",738,1002,13,894,3,2650,"18,0",759,1102,4,744,9,2618,"17,6",769,1130,3,596,3,2501,"16,7",827,1197,5,502,2,2533,"16,9"
,32,Haute-Garonne,1205,1030,105,2752,130,5222,"15,6",1265,1155,64,2685,189,5374,"15,9",1625,1550,19,2207,205,5606,"16,7",1505,1494,16,1969,186,5170,"15,4",1530,1634,14,1667,144,4989,"15,0",1678,1687,27,1464,97,4953,"14,9"
,33,Gers,100,156,6,112,50,424,"12,6",86,190,5,110,9,413,"12,4",156,169,1,80,25,431,"13,0",115,231,0,63,22,431,"12,9",135,199,2,53,13,402,"11,9",125,201,3,37,18,384,"11,3"
,34,Gironde,1480,1111,120,2538,335,5584,"15,0",1519,1257,85,2374,358,5608,"14,9",1875,1475,28,1934,525,5837,"15,7",1975,1451,3,1786,507,5722,"15,5",1971,1485,15,1629,400,5500,"15,0",2171,1506,10,1320,310,5317,"14,6"
,35,Hérault,1051,1845,86,1704,84,4770,"18,4",1123,1974,78,1461,60,4714,"18,1",1460,2065,54,1197,21,4797,"18,7",1425,2314,5,847,14,4605,"18,0",1456,2322,0,677,8,4463,"17,5",1639,2315,10,456,5,4425,"17,4"
,36,Ille-et-Vilaine,889,1187,30,444,106,2656,"10,9",1010,1117,43,460,144,2785,"11,3",1269,1105,4,356,103,2837,"11,7",1197,1158,2,305,104,2766,"11,4",1097,1143,2,265,87,2594,"10,7",1278,1047,2,287,46,2660,"11,0"
,37,Indre,68,360,5,61,2,496,"12,8",92,338,32,48,1,524,"13,7",109,374,9,43,4,539,"14,0",96,347,0,32,1,476,"12,2",109,324,0,24,1,458,"11,5",126,333,0,18,0,477,"11,9"
,38,Indre-et-Loire,761,458,24,200,7,1450,"11,1",819,467,15,145,6,1463,"11,3",791,460,3,166,2,1422,"11,1",824,448,2,183,3,1460,"11,2",726,414,4,166,2,1312,"10,0",751,384,0,128,4,1267,"9,6"
,39,Isère,1156,1237,51,576,440,3460,"12,5",1294,1322,42,616,387,3673,"13,3",1576,1103,20,721,299,3719,"13,5",1525,1012,13,756,405,3711,"13,5",1508,939,18,680,284,3429,"12,4",1628,951,24,616,216,3435,"12,3"
,40,Jura,111,366,6,120,3,606,"12,2",109,356,18,140,0,635,"12,9",128,367,12,76,1,584,"11,9",147,369,1,62,0,579,"11,6",172,363,2,27,0,564,"11,2",241,359,1,38,1,640,"12,5"
,41,Landes,337,289,11,416,7,1060,"13,5",363,352,23,344,6,1102,"14,1",403,400,8,272,8,1091,"14,1",401,414,0,220,8,1043,"13,4",416,407,2,155,12,992,"12,7",436,433,1,112,5,987,"12,6"
,42,Loir-et-Cher,280,371,6,43,2,702,"11,4",236,411,16,32,2,708,"11,6",261,438,8,35,2,744,"12,1",213,461,1,31,2,708,"11,3",186,424,0,27,3,640,"10,1",215,462,8,24,4,713,"11,1"
,43,Loire,451,891,13,587,167,2109,"13,6",466,827,13,525,138,1983,"12,8",630,882,7,440,117,2076,"13,3",660,845,2,295,112,1914,"12,3",632,841,9,256,83,1821,"11,6",614,854,7,256,62,1793,"11,4"
,44,Haute-Loire,81,290,7,98,4,480,"11,3",80,275,6,112,2,486,"11,6",110,262,0,79,1,452,"10,8",128,284,0,61,3,476,"11,3",131,269,0,56,5,461,"10,8",147,247,0,42,2,438,"10,2"
,45,Loire-Atlantique,1756,1645,69,522,12,4004,"12,6",1817,1662,120,426,8,4046,"12,6",2056,1719,27,317,4,4123,"13,0",1969,1526,14,313,7,3829,"12,1",1938,1456,4,198,5,3601,"11,5",1898,1417,6,208,2,3531,"11,4"
,46,Loiret,422,985,11,510,127,2055,"14,4",512,1049,17,378,101,2071,"14,5",575,1235,4,298,110,2222,"15,4",533,1309,5,260,112,2219,"15,5",431,1299,3,205,143,2081,"14,5",467,1332,5,193,87,2084,"14,4"
,47,Lot,98,298,15,71,1,483,"16,6",105,285,13,64,1,485,"16,8",158,285,2,49,3,497,"17,3",130,329,1,12,3,475,"16,5",174,240,5,19,2,440,"15,0",172,254,0,23,1,450,"15,2"
,48,Lot-et-Garonne,156,418,22,386,4,986,"16,0",201,417,10,390,1,1035,"16,9",270,536,1,240,6,1053,"17,2",248,644,2,136,11,1041,"16,8",239,575,1,192,3,1010,"16,2",302,525,4,164,2,997,"15,8"
,49,Lozère,30,110,4,40,0,184,"13,2",25,154,2,32,1,227,"16,4",35,133,0,20,1,189,"13,3",34,113,0,17,2,166,"11,6",37,155,1,8,0,201,"14,0",54,129,2,7,1,193,"13,3"
,50,Maine-et-Loire,743,911,45,102,6,1807,"10,3",672,1027,27,63,3,1802,"10,3",861,953,2,44,6,1866,"10,8",764,911,0,26,0,1701,"9,8",668,917,1,20,1,1607,"9,2",727,952,1,19,5,1704,"9,7"
,51,Manche,178,523,7,192,7,907,"9,9",193,577,11,185,6,982,"10,9",292,620,3,96,5,1016,"11,2",260,593,1,78,2,934,"10,1",217,608,2,76,3,906,"9,7",271,563,7,59,1,901,"9,5"
,52,Marne,364,775,8,523,5,1675,"13,6",427,796,10,423,7,1677,"13,7",572,873,5,224,8,1682,"13,6",488,839,2,199,4,1532,"12,3",543,870,3,94,3,1513,"12,1",596,867,0,128,2,1593,"12,5"
,53,Haute-Marne,61,313,31,34,3,442,"14,0",42,310,24,31,1,422,"13,6",53,335,8,28,0,424,"13,6",45,323,4,8,2,382,"11,8",55,287,6,16,0,364,"11,1",80,292,3,6,3,384,"11,5"
,54,Mayenne,157,340,14,36,2,549,"9,2",150,338,10,17,1,525,"8,9",198,358,1,11,3,571,"9,7",190,377,0,11,1,579,"9,7",183,372,2,6,2,565,"9,4",208,360,1,8,1,578,"9,5"
,55,Meurthe-et-Moselle,381,1381,29,137,52,1980,"12,2",456,1353,22,126,49,2018,"12,5",610,1234,11,148,83,2086,"12,9",567,1295,4,121,73,2060,"12,7",538,1282,4,86,105,2015,"12,4",627,1210,2,72,96,2007,"12,2"
,56,Meuse,45,247,9,57,0,358,"10,3",51,250,6,26,1,344,"10,1",99,289,3,24,3,418,"12,1",78,292,0,34,2,406,"11,5",105,290,1,20,3,419,"11,6",126,266,1,28,3,424,"11,4"
,57,Morbihan,638,847,38,287,10,1820,"12,8",622,834,46,233,5,1753,"12,3",767,802,9,214,2,1794,"12,7",734,818,0,157,3,1712,"12,1",681,816,0,129,8,1634,"11,5",685,793,12,98,2,1590,"11,1"
,58,Moselle,737,1548,66,382,25,2758,"12,6",774,1564,86,319,8,2764,"12,7",948,1692,56,278,9,2983,"13,8",812,1683,10,288,2,2795,"12,8",754,1634,11,253,8,2660,"12,1",906,1624,12,309,5,2856,"12,9"
,59,Nièvre,74,180,3,94,7,358,"10,3",86,203,3,74,9,385,"11,3",141,188,1,75,89,494,"14,6",147,192,0,66,77,482,"14,0",172,183,1,99,26,481,"13,7",174,224,0,74,1,473,"13,1"
,60,Nord,1979,4110,214,1913,29,8245,"13,9",2129,4155,204,1703,34,8239,"13,9",2897,4050,51,1536,21,8555,"14,4",2876,4008,98,1307,15,8304,"14,0",2900,4130,107,1029,9,8175,"13,7",3002,4142,129,749,6,8028,"13,4"
,61,Oise,404,1205,19,843,14,2485,"13,7",393,1466,28,604,14,2519,"14,0",503,1437,14,609,11,2574,"14,3",504,1339,19,523,10,2395,"13,2",488,1403,32,566,10,2499,"13,8",593,1418,30,431,4,2476,"13,6"
,62,Orne,90,395,12,19,1,517,"10,2",95,432,12,24,0,573,"11,4",132,483,1,21,0,637,"12,7",127,457,5,10,0,599,"11,8",130,366,3,17,2,518,"10,0",138,371,5,15,1,530,"10,0"
,63,Pas-de-Calais,860,1958,72,514,591,3995,"12,9",1034,2021,41,392,440,3941,"12,8",1426,2225,16,270,337,4274,"13,9",1328,2251,14,230,165,3988,"12,8",1270,2266,10,164,1,3711,"11,9",1549,2325,10,136,2,4022,"12,7"
,64,Puy-de-Dôme,444,680,46,629,10,1809,"12,9",525,646,53,473,15,1725,"12,3",756,667,3,333,15,1774,"12,8",825,707,4,172,16,1724,"12,4",934,625,1,108,5,1673,"12,0",942,656,25,53,6,1682,"12,1"
,65,Pyrénées-Atlantiques,463,405,10,629,263,1770,"13,1",490,458,11,588,226,1786,"13,2",644,471,1,517,200,1833,"13,6",686,510,1,380,165,1742,"12,9",752,549,1,246,152,1700,"12,5",759,629,0,207,154,1749,"12,8"
,66,Hautes-Pyrénées,115,236,38,71,122,582,"13,9",125,318,26,75,43,601,"14,4",193,363,0,106,15,677,"16,5",160,341,1,117,5,624,"15,2",155,303,10,117,6,591,"14,2",150,308,30,105,5,598,"14,2"
,67,Pyrénées-Orientales,375,1140,6,371,7,1899,"20,6",366,1088,12,321,5,1813,"19,7",480,1132,7,309,5,1933,"21,2",477,1153,0,243,6,1879,"20,2",431,1190,1,158,2,1782,"19,1",491,1228,4,133,2,1858,"19,9"
,68,Bas-Rhin,379,2100,14,214,3,2710,"10,6",383,2153,15,203,2,2767,"10,8",458,2292,6,166,2,2924,"11,5",456,2240,1,165,3,2865,"11,3",437,2213,0,141,4,2795,"10,9",425,2154,1,156,8,2744,"10,7"
,69,Haut-Rhin,246,1412,17,115,2,1792,"11,2",278,1446,11,87,0,1833,"11,5",366,1504,14,73,1,1958,"12,2",336,1450,1,92,1,1880,"11,7",340,1361,2,70,1,1774,"11,0",357,1385,3,64,0,1809,"11,0"
,70,Rhône,1972,1883,133,1995,390,6373,"14,1",2085,2099,123,1913,359,6593,"14,5",2530,2493,26,1467,113,6629,"14,8",2608,2645,7,1123,84,6467,"14,4",2686,2671,1,773,90,6221,"13,9",2835,2443,7,682,86,6053,"13,5"
,71,Haute-Saône,84,196,11,313,2,606,"13,5",81,186,8,305,0,593,"13,4",127,198,35,215,2,577,"13,0",97,386,1,86,0,570,"12,7",129,184,3,220,1,537,"11,9",167,201,1,196,0,565,"12,3"
,72,Saône-et-Loire,312,676,21,150,6,1165,"11,5",357,707,8,110,2,1196,"12,0",452,703,8,75,4,1242,"12,5",443,625,1,60,0,1129,"11,1",445,646,2,33,1,1127,"11,0",481,559,2,19,1,1062,"10,2"
,73,Sarthe,464,787,49,38,3,1341,"11,8",473,813,29,29,3,1359,"12,0",599,803,5,38,3,1448,"12,9",565,652,0,44,1,1262,"11,2",508,608,1,25,2,1144,"10,0",550,668,1,11,3,1233,"10,6"
,74,Savoie,295,399,10,585,15,1304,"14,4",286,432,21,497,9,1259,"14,0",381,445,5,486,7,1324,"14,8",352,476,1,418,4,1251,"13,9",354,467,1,361,5,1188,"13,2",437,466,4,349,7,1263,"13,9"
,75,Haute-Savoie,552,1248,44,795,7,2646,"14,4",552,1249,57,822,7,2701,"14,6",698,1173,53,802,5,2731,"14,8",664,1202,46,727,3,2642,"14,2",644,1171,45,680,6,2546,"13,8",664,1083,31,575,5,2358,"12,7"
,76,Paris,2022,2044,127,3693,1000,8886,"15,3",2313,2236,111,3446,955,9076,"15,7",2851,2389,84,3541,836,9701,"16,6",2907,2687,37,3453,822,9906,"17,0",3217,2745,51,3135,921,10069,"17,1",3204,2803,50,2854,633,9544,"16,1"
,77,Seine-Maritime,683,1517,119,1103,105,3527,"13,1",805,1524,76,1034,76,3528,"13,1",1048,1577,20,960,78,3683,"13,8",1096,1498,37,921,67,3619,"13,4",1103,1588,42,801,54,3588,"13,1",1224,1551,31,666,27,3499,"12,7"
,78,Seine-et-Marne,1015,2009,38,3293,136,6491,"19,6",1092,2054,31,3035,104,6336,"19,1",1522,1949,19,2867,78,6435,"19,4",1491,1923,10,2911,59,6394,"19,1",1477,1980,101,2627,52,6237,"18,7",1490,1786,202,2318,46,5842,"17,5"
,79,Yvelines,774,1865,81,1498,331,4549,"14,0",816,1968,64,1370,197,4429,"13,6",1235,2195,39,1304,71,4844,"15,0",1157,1903,371,1083,30,4544,"14,1",1138,2141,22,975,34,4310,"13,3",1298,2153,41,819,30,4341,"13,4"
,80,Deux-Sèvres,217,446,13,101,1,778,"10,9",173,508,6,92,4,794,"11,2",205,471,3,63,2,744,"10,5",222,507,0,30,1,760,"10,5",218,413,0,20,1,652,"9,0",236,404,3,15,1,659,"9,0"
,81,Somme,391,957,5,148,4,1505,"12,2",418,933,14,144,2,1523,"12,4",558,896,3,138,6,1601,"12,9",517,956,0,116,1,1590,"12,8",437,967,0,67,3,1474,"11,8",467,1043,2,53,1,1566,"12,5"
,82,Tarn,225,677,66,200,2,1170,"15,8",271,637,40,143,4,1111,"15,0",422,606,4,115,5,1152,"15,6",345,664,1,96,5,1111,"15,0",355,591,1,64,6,1017,"13,7",413,596,6,42,5,1062,"14,1"
,83,Tarn-et-Garonne,151,378,7,299,5,840,"16,3",166,405,6,209,5,807,"15,7",220,472,3,181,7,883,"17,1",245,507,0,171,1,924,"17,9",260,497,1,100,4,862,"16,7",301,483,8,54,2,848,"16,5"
,84,Var,699,1773,69,2035,155,4731,"23,1",825,1955,107,1583,80,4573,"22,3",1242,2186,67,1404,1,4900,"24,1",1184,1996,397,1062,7,4646,"22,7",1306,2053,150,647,2,4158,"20,2",1377,2108,15,599,5,4104,"19,9"
,85,Vaucluse,268,1293,43,575,9,2188,"19,3",359,1238,70,591,7,2284,"20,3",555,1270,12,503,2,2342,"20,7",516,1183,3,541,6,2249,"19,5",584,1074,8,507,5,2178,"18,8",656,1151,2,433,5,2247,"19,3"
,86,Vendée,394,746,20,178,3,1341,"10,4",382,768,18,150,3,1331,"10,3",510,690,5,116,2,1323,"10,3",477,765,0,58,0,1300,"10,2",452,746,3,25,2,1228,"9,6",385,791,1,15,1,1193,"9,2"
,87,Vienne,163,539,37,310,4,1053,"11,2",184,499,28,340,1,1063,"11,4",256,610,2,248,3,1119,"12,0",235,601,1,145,1,983,"10,5",271,543,4,157,1,976,"10,4",330,603,1,139,0,1073,"11,5"
,88,Haute-Vienne,308,712,17,38,5,1080,"14,4",275,669,10,17,2,987,"13,2",378,610,4,17,0,1009,"13,5",345,587,0,12,0,944,"12,5",354,516,1,16,0,887,"11,7",363,543,0,4,0,910,"11,8"
,89,Vosges,118,576,22,105,21,842,"12,3",132,593,26,97,16,876,"13,0",203,716,5,46,15,985,"14,6",189,690,3,29,1,912,"13,3",200,675,2,39,2,918,"13,1",219,601,0,23,5,848,"11,9"
,90,Yonne,315,329,40,225,4,913,"14,4",355,252,35,264,4,924,"14,8",449,358,2,219,1,1029,"16,5",427,351,0,211,4,993,"15,5",428,353,4,189,1,975,"15,0",424,312,2,171,1,910,"13,9"
,91,Territoire de Belfort,67,276,4,103,14,464,"14,3",74,266,2,59,0,415,"14,6",95,313,0,34,1,443,"15,3",92,298,0,22,0,412,"13,9",83,319,0,13,0,415,"13,9",74,322,2,7,0,405,"13,3"
,92,Essonne,1363,2140,81,1572,635,5791,"19,5",1495,2102,88,1581,570,5855,"19,6",1931,2164,36,1605,476,6212,"20,5",1822,2132,20,1494,427,5895,"19,3",1807,2215,22,1484,418,5946,"19,6",1896,2023,42,1408,321,5690,"18,8"
,93,Hauts-de-Seine,1628,1688,84,1995,338,5733,"14,0",1686,2097,76,1776,253,5902,"14,6",2106,1994,36,1732,193,6061,"15,1",2068,2149,43,1503,130,5893,"14,7",2295,2267,31,1339,123,6055,"15,1",2498,2174,33,1221,89,6015,"14,9"
,94,Seine-Saint-Denis,2299,3403,87,2341,654,8784,"22,1",2409,3627,91,2097,540,8786,"21,7",3187,3351,63,2140,571,9312,"22,8",3081,3198,32,2179,483,8973,"22,3",3230,3016,24,1889,1105,9264,"23,2",3552,2810,33,1855,328,8578,"21,6"
,95,Val-de-Marne,1709,1549,60,2662,405,6385,"18,8",1867,1584,65,2308,417,6260,"18,3",2300,1551,33,2532,343,6759,"19,9",2187,1185,131,2467,326,6296,"18,6",2302,1284,48,2172,301,6107,"18,1",2350,1139,25,1998,222,5734,"16,9"
,96,Val-d'Oise,1171,2670,72,1620,173,5706,"19,3",1275,2795,47,1469,140,5745,"19,4",1641,2728,18,1448,104,5939,"20,2",1692,2504,36,1464,106,5802,"19,7",1655,2273,30,1329,114,5401,"18,4",1799,2075,37,1307,85,5303,"18,0"
,,Total métropole,47476,88180,3881,60749,7962,208248,"14,9",51250,91538,3663,54827,6766,208059,"14,9",66339,94134,1726,49591,5746,217536,"15,6",64186,93241,2064,44887,5144,209522,"15,0",65485,92369,1540,38617,5262,203273,"14,5",70953,90176,1746,34961,3574,201410,"14,3"
,,Guadeloupe,352,885,31,2141,52,3461,"41,2",399,991,25,1751,61,3268,"39,9",484,921,7,1834,15,3261,"39,1",453,1056,3,1785,5,3302,"38,5",389,1067,6,1593,5,3060,"34,8",630,1117,2,1276,6,3031,"33,3"
,,Martinique,514,782,4,787,8,2095,"27,7",498,824,4,661,2,2017,"27,3",658,988,5,457,4,2112,"28,6",702,977,3,441,3,2126,"27,7",791,1058,3,253,3,2108,"26,5",825,1175,3,207,3,2213,"26,9"
,,Guyane,346,769,14,1977,153,3259,"44,6",425,830,15,1802,137,3254,"43,9",503,719,6,1470,193,2891,"39,5",456,746,63,1236,103,2604,"35,3",429,860,73,974,5,2341,"32,8",462,770,75,686,4,1997,"29,3"
,,La Réunion,577,1479,88,2412,12,4568,"22,1",545,1791,63,2051,3,4475,"21,8",823,1998,44,1615,6,4486,"21,8",872,2054,13,1583,6,4528,"21,8",1049,1952,10,1345,1,4357,"20,8",1220,1957,17,1099,1,4294,"20,3"
,,Mayotte,198,953,2,353,3,1509,"21,8",270,931,0,328,1,1552,"21,7",475,691,1,345,0,1512,"21,9",538,808,0,307,2,1655,"24,8",563,721,0,340,1,1625,"25,3",618,787,1,194,0,1600,"26,7"
,,total DROM,1987,4868,139,7670,228,14892,"29,5",2137,5367,107,6593,204,14437,"28,5",2943,5317,63,5721,218,14262,"28,2",3021,5641,,5352,119,14215,"27,7",3221,5658,92,4505,15,13491,"26,3",3755,5806,98,3462,14,13135,"25,6"
,,France entière résidentes,49463,93048,4020,68419,8190,223140,"15,5",53387,96905,3770,61420,6 970,222467,"15,4",69282,99451,1789,55312,5964,231798,"16,1",67207,98882,2064,50239,5263,223737,"15,4",68706,98027,1632,43122,5277,216764,"14,9",74708,95982,1844,38423,3588,214545,"14,7"
,,Résidence inconnue****,,,,0,,,,,,,3,0,3,,,,,202,9,211,,,,,291,27,318,,,,,733,45,778,,,,,280,1,281,
,,résidence à l'étranger,42,94,6,0,,142,,39,127,3,2,,171,,84,148,3,,,235,,91,192,1,,,284,,87,155,2,,,244,,90,149,6,,,245,
,,Total IVG réalisées en France,49505,93142,4026,68419,8190,223282,"15,5",53426,97032,3773,61425,6 970,222641,"15,4",69366,99599,1792,55514,5973,232244,"16,1",67298,99074,2065,50530,5290,224339,"15,5",68793,98182,1634,43855,5322,217786,"15,0",74798,96131,1850,38423,3588,214790,
,,Auvergne -  Rhône-Alpes(***),5942,9176,373,6586,1348,23425,"13,5",6415,9405,382,6289,1 166,23671,"13,7",8202,9395,146,5473,715,23931,"13,9",8224,9529,80,4573,768,23174,"13,4",8402,9335,91,3708,582,22118,"11,8",9020,9044,114,3592,443,22213,"12,8"
,,Bourgogne -  Franche-Comté,1502,2702,499,2217,104,7024,"12,8",1625,2852,301,2065,43,6899,"12,5",2206,2864,401,1741,103,7315,"13,3",2183,3022,248,1413,83,6949,"12,4",2279,2947,227,1319,32,6804,"13,3",2465,2887,191,1115,7,6665,"11,7"
,,Bretagne,2358,4054,125,1371,131,8039,"11,9",2564,4036,130,1211,160,8113,"12,0",3074,4061,25,963,112,8235,"12,3",2862,4161,2,755,122,7902,"11,8",2699,4024,7,627,100,7457,"12,8",3049,3790,19,535,49,7442,"11,0"
,,Centre -  Val de Loire,1885,3198,92,1316,155,6646,"13,0",2003,3288,156,1132,124,6716,"13,1",2186,3628,35,1149,130,7128,"13,9",2034,3671,17,1079,134,6935,"13,4",1852,3551,13,946,157,6519,"12,1",2006,3496,34,864,101,6501,"12,3"
,,Corse,119,719,80,204,44,1166,"16,6",144,752,64,254,0,1231,"17,5",242,874,71,180,6,1373,"19,4",205,678,177,183,2,1245,"17,6",235,614,179,184,3,1215,"11,1",236,606,206,158,14,1220,"17,4"
,,Grand Est,2675,9162,210,2006,119,14172,"12,2",2898,9316,218,1671,88,14203,"12,2",3710,9789,113,1279,121,15012,"12,9",3351,9669,47,1130,91,14288,"12,2",3387,9464,73,892,130,13946,"12,5",3847,9167,97,944,123,14178,"11,8"
,,Hauts-de-France,3900,9340,315,3575,642,17772,"13,6",4238,9643,291,2977,494,17657,"13,5",5698,9725,95,2686,379,18583,"14,2",5598,9541,137,2369,196,17841,"13,5",5470,9784,154,2040,28,17476,"17,3",5983,9937,174,1587,16,17697,"13,2"
,,Ile-de-France,11981,17368,630,18725,3672,52376,"17,6",12953,18463,573,17081,3 176,52264,"17,5",16773,18321,328,17169,2672,55263,"18,5",16405,17681,680,16554,2383,53703,"18,0",17121,17921,329,14950,3068,53389,"17,9",18087,16963,463,13780,1754,51047,"17,1"
,,Normandie,1535,4383,201,1931,177,8227,"12,2",1738,4576,198,1889,130,8543,"12,6",2355,4751,60,1632,121,8919,"13,2",2296,4657,67,1490,108,8618,"12,6",2333,4612,85,1318,121,8469,"16,1",2652,4402,97,1134,71,8356,"12,0"
,,Nouvelle-Aquitaine,4136,6613,373,5285,632,17039,"14,1",4288,6865,301,4836,610,16914,"14,0",5438,7227,63,3870,762,17360,"14,5",5409,7410,12,3235,705,16771,"13,9",5597,7035,27,2844,585,16088,"10,3",6103,7111,29,2374,480,16097,"13,3"
,,Occitanie,4132,8384,437,7285,419,20657,"16,8",4452,8790,385,6547,339,20530,"16,7",6058,9451,116,5500,296,21421,"17,6",5738,9917,32,4538,260,20485,"16,7",5894,9938,48,3625,190,19695,"13,2",6492,10006,99,3129,157,19883,"16,2"
,,Pays de la Loire,3514,4429,197,876,26,9042,"11,3",3494,4608,204,685,18,9020,"11,3",4224,4523,40,526,18,9331,"11,8",3965,4231,14,452,9,8671,"10,9",3749,4099,11,274,12,8145,"12,2",3768,4188,10,261,12,8239,"10,4"
,,Provence - Alpes - Côte d'Azur(***),3797,8652,349,9372,493,22663,"21,8",4438,8944,460,8188,418,22470,"21,6",6173,9525,233,7423,311,23665,"22,9",5916,9074,551,7116,283,22940,"22,0",6467,9045,296,5890,254,21952,"20,9",7245,8579,213,5488,347,21872,"20,7"
,,,,,,,,,,,,,,,,,,,,,,,,,,,,,,,,,,,,,,,,,,,,
,,"*IVG réalisées en centre de santé, centre de planification et d'éducation familiale",,,,,,,,,,,,,,,,,,,,,,,,,,,,,,,,,,,,,,,,,,
,,**calculé en rapportant des IVG de 15 à 49 ans (yc âge inconnu) aux femmes domiciliées âgées de 15 à 49 ans,,,,,,,,,,,,,,,,,,,,,,,,,,,,,,,,,,,,,,,,,,
,,*** En régions ARA et PACA la somme des Départements ne correspond pas au chiffre donné pour la région en raison des forfaits pour lesquels seule la caisse régionale d'affiliation est connue,,,,,,,,,,,,,,,,,,,,,,,,,,,,,,,,,,,,,,,,,,
,,"****Quand c'était possible, le lieu de résidence inconnu a été remplacé par le lieu de réalisation de l'acte",,,,,,,,,,,,,,,,,,,,,,,,,,,,,,,,,,,,,,,,,,
,,*****En 2020 des mesures dérogatoires ont permis la pratique exceptionnelle d'IVG en téléconsultation (codées en Préparations Magistrales et Officinales dans le SNDS),,,,,,,,,,,,,,,,,,,,,,,,,,,,,,,,,,,,,,,,,,
,,champ : IVG domiciliées,,,,,,,,,,,,,,,,,,,,,,,,,,,,,,,,,,,,,,,,,,
,,"sources : portail SNDS (PMSI), calculs DREES à partir du GHM d'IVG (14Z08Z) pour les IVG en établissements de santé(jusqu'en février 2019), GHM d'IVG ou les codes d’extension du diagnostic principal en O04 (O0400, O0410,O0420, O0430, O0440, O0450, O0460, O0470, O0480 et O0490)à partir de mars 2019, et uniqment les codes d'extension du DP en O04.- à partir de 2020.",,,,,,,,,,,,,,,,,,,,,,,,,,,,,,,,,,,,,,,,,,
,,"SNIIRAM (CNAMTS), calculs DREES à partir des forfaits médicamenteux de ville (FMV) remboursés,et des préparations magistrales et officinales délivrées directement en pharmacie dans le cadre d'IVG en téléconsultation.",,,,,,,,,,,,,,,,,,,,,,,,,,,,,,,,,,,,,,,,,,
